CATEGORIA_ESTANDAR,NOMBRE DE LAS PREPARACIONES,Prom_Agua,Prom_Energa,Prom_Grasa,Prom_Protenas,categoria_general
adobo_de_cerdo_con_menestra_y_,Adobo de cerdo con menestra y arroz,18.3,165.0,3.4,9.7,adobo
adobo_de_cerdo_con_pure_y_arro,Adobo de cerdo con puré y arroz,41.1,146.0,5.0,4.8,adobo
adobo_de_cerdo_y_arroz,Adobo de cerdo y arroz,21.3,174.0,1.9,6.3,adobo
adobo_de_pollo_con_ensalada_y_,Adobo de pollo con ensalada y arroz,34.0,145.0,2.2,4.9,adobo
adobo_de_pollo_y_arroz,Adobo de pollo y arroz,43.05,138.5,1.75,7.35,adobo
adobo_de_res_con_arroz_y_pure,Adobo de res con arroz y puré,50.9,126.0,1.8,5.6,adobo
adobo_de_res_con_menestra_y_ar,Adobo de res con menestra y arroz,19.3,155.0,1.7,7.7,adobo
aeropuerto_de_pollo,Aeropuerto de pollo,28.7,212.0,2.5,6.5,aeropuerto
aeropuerto_tacon_pa,Aeropuerto tacon pa,19.3,177.0,3.4,7.6,aeropuerto
aji_de_pollo_y_arroz,Ají de pollo y arroz,35.8,150.6,3.06,5.52,aji
albondigas_en_salsa_y_arroz,Albóndigas en salsa y arroz,37.4,133.0,3.6,6.3,albondigas
alita_broaster_con_papas_frita,Alita broaster con papas fritas y arroz,35.7,272.0,18.7,5.7,alita
anticucho_con_papa_y_arroz,Anticucho con papa y arroz,73.75,111.5,3.25,9.55,anticucho
arroz_a_la_jardinera_con_pollo,Arroz a la jardinera con pollo,39.3,133.67,1.73,7.1,arroz
arroz_a_la_jardinera_con_pollo,Arroz a la jardinera con pollo frito,32.7,165.0,3.9,4.3,arroz
arroz_arabe_con_pollo,Arroz arabe con pollo,59.6,135.0,1.25,5.75,arroz
arroz_blanco_con_filete_de_pol,"Arroz blanco con filete de pollo, papas sancochadas y ensalada",41.5,146.0,2.5,6.5,arroz
arroz_chaufa_con_pollo_chijauk,Arroz chaufa con pollo chijaukay,26.87,188.33,7.27,7.27,arroz
arroz_chaufa_con_pollo_tamarin,Arroz chaufa con pollo tamarindo,41.8,129.0,1.4,6.3,arroz
arroz_chaufa_con_pollo_taypa_e,Arroz chaufa con pollo taypa especial,48.2,124.0,4.4,8.9,arroz
arroz_chaufa_de_cerdo,Arroz chaufa de cerdo,20.2,194.0,4.9,6.8,arroz
arroz_chaufa_de_mariscos,Arroz chaufa de mariscos,29.33,141.0,2.4,6.57,arroz
arroz_chaufa_de_pollo,Arroz chaufa de pollo,20.9,174.2,2.84,6.34,arroz
arroz_chaufa_de_res,Arroz chaufa de res,27.75,217.0,10.4,7.0,arroz
arroz_chaufa_especial,Arroz chaufa especial,28.3,205.0,7.5,10.5,arroz
arroz_con_carne,Arroz con carne,11.1,119.0,0.5,4.9,arroz
arroz_con_cerdo_con_sarsa_crio,Arroz con cerdo con sarsa criolla,37.4,140.0,2.9,4.1,arroz
arroz_con_frejol_y_seco_de_res,Arroz con frejol y seco de res,22.82,136.8,2.08,7.02,arroz
arroz_con_frejoles_y_seco_de_p,Arroz con frejoles y seco de pollo,24.68,129.8,1.7,7.1,arroz
arroz_con_lentejas_con_churras,Arroz con lentejas con churrasco,24.0,157.0,2.9,9.4,arroz
arroz_con_mariscos,Arroz con mariscos,34.12,144.8,2.66,5.8,arroz
arroz_con_pato,Arroz con pato,35.0,174.0,7.1,5.6,arroz
arroz_con_pollo,Arroz con pollo,39.14,141.6,2.28,6.92,arroz
arroz_tapado,Arroz tapado,34.1,157.0,4.4,7.3,arroz
arvejita_verde_partida_con_est,Arvejita verde partida con estofado de pollo y arroz,45.0,142.0,2.8,8.8,arvejita
arvejita_verde_partida_con_gui,Arvejita verde partida con guiso de pollo y arroz,38.4,143.0,1.2,7.8,arvejita
arvejita_verde_partida_con_hig,Arvejita verde partida con hígado frito y arroz,14.4,150.0,1.1,4.6,arvejita
arvejita_verde_partida_con_pes,Arvejita verde partida con pescado frito y arroz,14.25,219.0,9.25,6.85,arvejita
arvejita_verde_partida_con_pol,Arvejita verde partida con pollo al horno y arroz,35.5,124.0,3.4,7.3,arvejita
asado_de_cerdo_con_arvejita_ve,Asado de cerdo con arvejita verde y arroz,33.25,140.5,1.9,8.3,asado
asado_de_cerdo_con_menestra_y_,Asado de cerdo con menestra y arroz,18.8,153.0,2.2,8.0,asado
asado_de_pollo_con_menestra_y_,Asado de pollo con menestra y arroz,29.75,135.0,1.7,8.5,asado
asado_de_pollo_con_pure_y_arro,Asado de pollo con puré y arroz,34.6,148.0,2.7,6.4,asado
asado_de_pollo_y_arroz,Asado de pollo y arroz,46.75,152.0,3.25,8.65,asado
asado_de_res_con_menestra_y_ar,Asado de res con menestra y arroz,34.0,112.33,1.37,6.53,asado
asado_de_res_con_pure_y_arroz,Asado de res con puré y arroz,39.3,117.5,1.55,5.45,asado
asado_de_res_y_arroz,Asado de res y arroz,37.95,132.5,0.55,5.2,asado
bisteck_de_res_a_lo_pobre_con_,Bisteck de res a lo pobre con arroz,41.4,167.67,5.93,6.2,bisteck
bisteck_de_res_con_arroz,Bisteck de res con arroz,49.55,151.0,4.7,7.1,bisteck
bisteck_de_res_con_papas_frita,Bisteck de res con papas fritas y arroz,25.8,96.0,3.1,3.4,bisteck
cabrito_a_la_nortena_con_arroz,Cabrito a la norteña con arroz,39.8,109.5,1.2,5.55,cabrito
cabrito_con_frejoles_y_arroz,Cabrito con frejoles y arroz,31.55,145.5,3.65,7.18,cabrito
caldo_de_pollo,Caldo de pollo,15.18,40.4,0.82,2.24,caldo
caldo_de_res,Caldo de res,16.9,50.0,0.1,1.9,caldo
carapulcra_de_cerdo_y_arroz,Carapulcra de cerdo y arroz,23.27,164.33,2.63,7.13,carapulcra
carapulcra_y_arroz,Carapulcra y arroz,43.4,151.0,4.0,6.1,carapulcra
carne_de_res_con_ensalada_y_ar,Carne de res con ensalada y arroz,30.5,215.0,10.5,6.9,carne
carpaccio_de_pescado,Carpaccio de pescado,76.6,88.0,1.9,14.0,carpaccio
cau_cau_con_arroz,Cau cau con arroz,43.04,112.0,1.8,4.56,cau
causa,Causa,77.5,95.0,2.5,4.7,causa
causa_con_pollo_al_horno_y_arr,Causa con pollo al horno y arroz,49.6,130.0,2.3,3.3,causa
causa_criolla,Causa criolla,66.5,174.0,10.7,2.4,causa
causa_de_palta,Causa de palta,45.7,140.0,11.9,1.4,causa
causa_de_pescado,Causa de pescado,72.98,117.75,3.95,3.33,causa
causa_de_pollo,Causa de pollo,71.12,130.2,6.22,3.62,causa
causa_de_pulpa_de_cangrejo,Causa de pulpa de cangrejo,65.4,215.0,17.6,6.7,causa
causa_rellena,Causa rellena,75.57,108.33,4.27,3.3,causa
cazuela,Cazuela,14.4,33.0,0.8,1.9,cazuela
cazuela_de_pollo,Cazuela de pollo,24.7,39.0,0.6,2.2,cazuela
cazuela_de_res,Cazuela de res,16.78,34.0,0.2,1.48,cazuela
cebiche_con_chicharron,Cebiche con chicharrón,66.2,172.0,9.0,10.05,cebiche
cebiche_de_pescado,Cebiche de pescado,71.01,104.89,2.1,7.97,cebiche
cebiche_de_pescado_con_chichar,Cebiche de pescado con chicharrón de pota,64.3,147.0,2.7,6.9,cebiche
cebiche_de_pescado_con_pota,Cebiche de pescado con pota,80.1,69.0,0.2,4.4,cebiche
cebiche_de_pollo_con_arroz,Cebiche de pollo con arroz,38.7,138.0,2.3,7.6,cebiche
cebiche_de_pota,Cebiche de pota,66.2,53.0,0.4,5.1,cebiche
cebiche_mixto,Cebiche mixto,74.44,95.6,1.76,8.46,cebiche
cebiche_y_chilcano_de_pescado,Cebiche y chilcano de pescado,42.7,77.0,2.9,6.3,cebiche
cerdo_al_horno_con_arroz,Cerdo al horno con arroz,35.2,161.0,3.5,7.7,cerdo
chanfainita_con_arroz,Chanfainita con arroz,24.2,151.0,1.8,4.3,chanfainita
chanfainita_con_tallarin,Chanfainita con tallarín,51.0,153.0,0.7,5.8,chanfainita
chaque,Chaque,42.6,66.0,0.6,5.5,chaque
chicharron_con_salsa_criolla_y,Chicharrón con salsa criolla y leche de tigre,49.3,66.0,0.7,5.7,chicharron
chicharron_de_pescado,Chicharrón de pescado,63.05,186.0,10.1,6.85,chicharron
chicharron_de_pescado_con_arro,Chicharrón de pescado con arroz,38.15,208.5,8.7,5.5,chicharron
chicharron_de_pescado_con_ensa,Chicharrón de pescado con ensalada y arroz,34.7,241.0,10.5,6.8,chicharron
chicharron_de_pescado_con_frej,Chicharrón de pescado con frejoles y arroz,25.4,135.0,1.7,5.4,chicharron
chicharron_de_pescado_con_yuca,Chicharron de pescado con yuca frita y arroz,39.83,230.75,12.23,7.43,chicharron
chicharron_de_pescado_con_yuca,Chicharrón de pescado con yucas doradas,56.4,195.0,6.9,9.9,chicharron
chicharron_de_pollo,Chicharrón de pollo,74.0,100.0,1.6,2.7,chicharron
chicharron_de_pollo_con_ensala,Chicharrón de pollo con ensalada y arroz,31.25,190.5,6.85,6.65,chicharron
chicharron_de_pota,Chicharron de pota,44.85,316.0,20.7,7.5,chicharron
chicharron_mixto,Chicharrón mixto,54.3,222.0,14.1,9.3,chicharron
chicharron_mixto_con_sarsa_cri,Chicharrón mixto con sarsa criolla y arroz,38.0,168.0,3.8,6.3,chicharron
chicharron_mixto_con_yuca_frit,Chicharrón mixto con yuca frita,64.5,168.0,8.8,10.5,chicharron
chicken_quesadilla,Chicken quesadilla,61.6,193.0,9.9,12.2,chicken
chilcano_de_pescado,Chilcano de pescado,17.45,19.25,1.08,0.83,chilcano
choclo_a_la_huancaina,Choclo a la huancaína,40.8,111.0,5.4,5.4,choclo
choclo_con_queso,Choclo con queso,42.57,151.0,9.4,8.87,choclo
choritos_a_la_chalaca,Choritos a la chalaca,82.7,65.0,1.2,6.2,choritos
chuleta_a_la_parrilla_con_arro,Chuleta a la parrilla con arroz,59.7,111.0,1.8,6.3,chuleta
chuleta_de_cerdo_con_papas_fri,Chuleta de cerdo con papas fritas y arroz,48.0,178.0,8.0,6.7,chuleta
chupe_de_camaron,Chupe de camarón,38.37,66.67,1.4,3.43,chupe
chupe_de_cangrejo,Chupe de cangrejo,18.93,37.33,0.63,2.2,chupe
chupe_de_chochoca,Chupe de chochoca,21.4,53.0,1.6,1.6,chupe
chupe_de_choro,Chupe de choro,24.63,51.67,1.23,2.47,chupe
chupe_de_habas,Chupe de habas,20.65,39.0,0.45,1.6,chupe
chupe_de_mariscos,Chupe de mariscos,24.0,46.67,0.87,2.67,chupe
chupe_de_pescado,Chupe de pescado,25.0,48.4,1.3,2.4,chupe
chupe_de_pollo,Chupe de pollo,20.2,36.0,0.9,2.8,chupe
chupe_de_trigo,Chupe de trigo,12.0,16.0,0.3,0.6,chupe
chupe_mixto,Chupe mixto,13.0,15.0,0.4,1.4,chupe
churrasco_con_arroz,Churrasco con arroz,36.8,100.0,0.7,3.8,churrasco
churrasco_con_frejoles_y_arroz,Churrasco con frejoles y arroz,20.7,171.0,6.4,10.9,churrasco
churrasco_con_papas_fritas_con,Churrasco con papas fritas con ensalada y arroz,45.2,156.0,4.3,4.6,churrasco
combinado_de_pollo,Combinado de pollo,31.43,163.25,1.35,5.63,combinado
combinado_de_res,Combinado de res,31.4,151.0,3.8,4.5,combinado
combinado_de_tallarin_rojo_con,Combinado de tallarín rojo con frejoles y arroz,36.2,193.0,3.6,10.4,combinado
consome_de_pollo,Consomé de pollo,13.7,30.0,1.1,2.6,consome
cordero_a_la_nortena_con_frejo,Cordero a la norteña con frejoles y arroz,13.87,165.33,4.8,8.83,cordero
costillas_barbiquiu_con_arroz_,Costillas barbiquiu con arroz y camote,33.0,190.0,8.2,6.5,costillas
costillas_con_papa_y_arroz,Costillas con papa y arroz,44.1,166.0,5.7,8.3,costillas
costillas_norteno_con_frejoles,Costillas norteño con frejoles y arroz,34.4,152.0,3.3,8.0,costillas
crema_de_arveja,Crema de arveja,12.63,39.75,0.75,2.35,crema
crema_de_ocopa,Crema de ocopa,71.0,109.0,3.6,3.1,crema
crema_de_pimiento,Crema de pimiento,74.7,113.5,4.05,4.05,crema
crema_de_rocoto,Crema de rocoto,68.93,126.25,4.8,3.48,crema
crema_de_verdura,Crema de verdura,17.0,24.33,1.1,0.87,crema
crema_de_zapallo,Crema de zapallo,28.15,24.0,1.15,0.6,crema
croquetas,Croquetas,25.2,175.0,11.6,4.2,croquetas
encebollado_de_higado_con_frej,Encebollado de hígado con frejoles y arroz,47.3,161.0,6.2,8.8,encebollado
ensalada,Ensalada,82.9,77.8,6.5,1.42,ensalada
ensalada_cesar,Ensalada cesar,84.1,76.0,4.8,4.7,ensalada
ensalada_de_atun,Ensalada de atún,79.3,82.0,1.3,3.9,ensalada
ensalada_de_cocona,Ensalada de cocona,84.9,45.0,0.4,1.2,ensalada
ensalada_de_fideos,Ensalada de fideos,41.4,273.0,11.4,5.9,ensalada
ensalada_de_lechuga,Ensalada de lechuga,90.6,62.0,5.7,0.6,ensalada
ensalada_de_verduras,Ensalada de verduras,81.66,82.4,6.8,1.36,ensalada
ensalada_rusa,Ensalada rusa,65.7,60.0,2.7,1.55,ensalada
ensalada_rusa_con_pollo_a_la_b,Ensalada rusa con pollo a la brasa y arroz,45.1,146.0,3.4,8.8,ensalada
ensalada_rusa_con_pollo_al_hor,Ensalada rusa con pollo al horno y arroz,48.85,131.0,2.35,8.45,ensalada
ensalada_rusa_con_pollo_broast,Ensalada rusa con pollo broaster y arroz,49.9,157.0,4.9,8.8,ensalada
ensalada_rusa_con_pollo_frito_,Ensalada rusa con pollo frito y arroz,49.55,155.5,5.5,7.15,ensalada
escabeche_de_pescado_con_arroz,Escabeche de pescado con arroz,35.97,189.0,7.7,6.63,escabeche
escabeche_de_pollo_con_arroz,Escabeche de pollo con arroz,44.0,139.0,2.42,7.0,escabeche
espesado_de_res_con_arroz,Espesado de res con arroz,37.1,212.0,2.0,6.8,espesado
estofado_de_lengua_con_arroz,Estofado de lengua con arroz,56.3,133.0,5.1,4.9,estofado
estofado_de_pavita_con_arroz_y,Estofado de pavita con arroz y ensalada,46.45,137.5,2.7,5.65,estofado
estofado_de_pollo_con_arroz,Estofado de pollo con arroz,41.28,125.25,1.48,6.45,estofado
estofado_de_pollo_con_arroz_y_,Estofado de pollo con arroz y ensalada,49.65,118.0,1.75,5.7,estofado
estofado_de_pollo_con_menestra,Estofado de pollo con menestra y arroz,32.4,145.67,1.7,7.57,estofado
estofado_de_res_con_arroz,Estofado de res con arroz,38.7,139.5,1.05,7.5,estofado
estofado_de_res_con_menestra_y,Estofado de res con menestra y arroz,26.7,126.0,1.1,6.55,estofado
fetuccini_a_lo_alfredo,Fetuccini a lo alfredo,35.7,339.0,19.9,9.9,fetuccini
filete_de_pescado_con_arroz,Filete de pescado con arroz,47.6,207.0,11.5,5.8,filete
filete_de_pescado_con_menestra,Filete de pescado con menestra y arroz,22.93,209.33,6.27,8.47,filete
filete_de_pescado_con_papas_fr,"Filete de pescado con papas fritas, sarsa criolla y arroz",38.8,138.0,1.3,5.5,filete
filete_de_pescado_en_salsa_de_,Filete de pescado en salsa de mariscos,38.1,136.0,0.8,6.4,filete
filete_de_pollo_a_la_parrilla_,"Filete de pollo a la parrilla, ensalada y arroz",40.0,162.0,2.4,8.1,filete
filete_de_pollo_con_papas_frit,Filete de pollo con papas fritas y arroz,54.95,139.0,3.85,8.05,filete
filete_de_pollo_con_papas_frit,"Filete de pollo con papas fritas, ensalada y arroz",51.0,169.0,10.2,5.5,filete
flauta_rellena,Flauta rellena,68.2,123.0,3.2,13.3,flauta
frejoles_con_asado_de_carne_y_,Frejoles con asado de carne y arroz,23.8,119.0,2.3,6.1,frejoles
frejoles_con_bisteck_y_arroz,Frejoles con bisteck y arroz,23.55,140.5,1.5,8.55,frejoles
frejoles_con_cabrito_a_la_nort,Frejoles con cabrito a la norteña y arroz,16.9,161.0,5.6,9.1,frejoles
frejoles_con_pescado_con_ensal,Frejoles con pescado con ensalada y arroz,29.5,205.0,9.5,6.87,frejoles
frejoles_con_pescado_y_arroz,Frejoles con pescado y arroz,21.77,163.67,5.37,6.97,frejoles
frejoles_con_pollo_a_la_norten,Frejoles con pollo a la norteña y arroz,23.1,114.0,1.9,7.0,frejoles
frejoles_con_pollo_al_vino,Frejoles con pollo al vino,25.4,158.0,2.2,4.1,frejoles
frejoles_con_seco_a_la_nortena,Frejoles con seco a la norteña y arroz,23.5,125.25,1.4,7.93,frejoles
frejoles_con_seco_y_arroz,Frejoles con seco y arroz,22.85,176.5,2.7,7.9,frejoles
frejoles_con_seco_ensalada_y_a,"Frejoles con seco, ensalada y arroz",21.43,153.0,4.33,7.7,frejoles
garbanzo_con_arroz_y_chuleta_f,Garbanzo con arroz y chuleta frita,16.9,193.0,3.8,8.3,garbanzo
garbanzo_con_chuleta_y_arroz,Garbanzo con chuleta y arroz,24.8,174.0,4.6,6.9,garbanzo
garbanzo_con_churrasco_ensalad,"Garbanzo con churrasco, ensalada y arroz",29.4,141.0,3.3,6.0,garbanzo
garbanzo_con_pescado_y_arroz,Garbanzo con pescado y arroz,29.15,137.0,3.05,6.7,garbanzo
garbanzo_con_pollo_y_arroz,Garbanzo con pollo y arroz,34.0,130.0,3.5,5.8,garbanzo
guiso_de_caigua_con_arroz,Guiso de caigua con arroz,27.7,136.0,2.0,6.7,guiso
guiso_de_habas_con_churrasco_y,Guiso de habas con churrasco y arroz,24.3,173.0,1.2,5.2,guiso
guiso_de_quinua_con_pescado_y_,Guiso de quinua con pescado y arroz,14.9,179.0,8.2,4.8,guiso
guiso_de_trigo_con_lomo_de_soc,Guiso de trigo con lomo de socona y arroz,24.9,78.0,1.0,2.5,guiso
guiso_de_trigo_con_pollo_y_arr,Guiso de trigo con pollo y arroz,32.0,109.0,1.9,6.4,guiso
guiso_de_vainita_con_pollo_y_a,Guiso de vainita con pollo y arroz,54.5,95.0,0.7,4.3,guiso
higado_encebollado_con_arroz,Hígado encebollado con arroz,57.9,108.0,1.7,3.9,higado
higado_frito_con_arroz,Hígado frito con arroz,37.0,174.0,5.1,5.4,higado
huevitos_en_salsa_golf,Huevitos en salsa golf,74.3,129.5,9.05,1.7,huevitos
huevo_a_la_rusa,Huevo a la rusa,63.93,94.33,4.6,3.57,huevo
hummus,Hummus,7.8,212.0,3.9,7.0,hummus
jalea_con_yuca_frita,Jalea con yuca frita,34.5,210.0,13.3,10.4,jalea
jalea_de_pescado_con_arroz,Jalea de pescado con arroz,37.55,108.5,2.8,4.95,jalea
jalea_de_pescado_con_yuca_frit,Jalea de pescado con yuca frita,37.05,189.5,9.55,6.8,jalea
jalea_mixta,Jalea mixta,65.3,177.0,9.3,9.5,jalea
jalea_mixta_con_yuca_frita,Jalea mixta con yuca frita,58.5,234.0,16.3,8.3,jalea
kam_lu_wantan_con_arroz_chaufa,Kam lu wantán con arroz chaufa,40.93,149.33,5.7,6.03,kam
lasagna_de_res,Lasagna de res,32.35,297.5,13.2,13.2,lasagna
lenteja_con_adobo_y_arroz,Lenteja con adobo y arroz,14.2,128.0,0.3,7.5,lenteja
lenteja_con_bisteck_y_arroz,Lenteja con bisteck y arroz,16.0,183.0,1.2,9.9,lenteja
lenteja_con_chuleta_y_arroz,Lenteja con chuleta y arroz,25.53,150.33,2.9,8.03,lenteja
lenteja_con_estofado_y_arroz,Lenteja con estofado y arroz,33.13,133.33,1.87,7.93,lenteja
lenteja_con_filete_de_pechuga_,Lenteja con filete de pechuga y arroz,28.05,139.5,5.4,8.45,lenteja
lenteja_con_higado_y_arroz,Lenteja con hígado y arroz,22.0,179.0,2.4,8.8,lenteja
lenteja_con_lomito_y_arroz,Lenteja con lomito y arroz,20.1,137.0,1.5,7.2,lenteja
lenteja_con_milanesa_y_arroz,Lenteja con milanesa y arroz,22.65,154.5,2.15,9.35,lenteja
lenteja_con_pescado_y_arroz,Lenteja con pescado y arroz,24.85,162.25,4.25,7.08,lenteja
locro_con_higado_frito_y_arroz,Locro con hígado frito y arroz,54.4,134.0,5.6,3.1,locro
locro_de_zapallo_con_bisteck_y,Locro de zapallo con bisteck y arroz,50.35,116.5,3.15,4.1,locro
locro_de_zapallo_con_filete_de,Locro de zapallo con filete de pollo y arroz,44.2,133.5,2.8,5.85,locro
lomito_de_atun_con_arroz,Lomito de atún con arroz,36.7,162.0,3.55,4.6,lomito
lomo_a_lo_strogonof_y_arroz,Lomo a lo strogonof y arroz,61.3,149.0,1.9,9.3,lomo
lomo_al_jugo_con_menestra_y_ar,Lomo al jugo con menestra y arroz,27.25,111.5,1.35,5.0,lomo
lomo_saltado_con_arroz,Lomo saltado con arroz,42.88,165.6,6.64,5.32,lomo
lomo_saltado_con_menestra_y_ar,Lomo saltado con menestra y arroz,27.2,159.0,4.6,6.0,lomo
macarrones_con_pollo,Macarrones con pollo,42.63,145.25,3.15,7.8,macarrones
macarrones_con_res,Macarrones con res,36.2,174.0,2.3,6.4,macarrones
malaya_dorada_con_arroz,Malaya dorada con arroz,29.4,149.0,0.9,6.6,malaya
menestron_con_pollo,Menestrón con pollo,25.4,85.0,1.25,4.25,menestron
menestron_con_res,Menestrón con res,21.88,45.0,0.38,2.26,menestron
milanesa_con_arroz,Milanesa con arroz,47.4,175.0,7.3,5.4,milanesa
ocopa_a_la_arequipena,Ocopa a la arequipeña,67.26,125.4,4.64,3.82,ocopa
palta_rellena,Palta rellena,72.13,137.67,9.53,3.33,palta
pan_al_ajo,Pan al ajo,48.97,226.33,14.13,3.4,pan
papa_a_la_huancaina,Papa a la huancaína,68.34,118.4,3.9,3.52,papa
papa_con_huevo,Papa con huevo,65.9,116.0,7.1,6.3,papa
papa_rellena,Papa rellena,68.58,161.75,9.73,4.2,papa
papa_rellena_con_ensalada,Papa rellena con ensalada,71.9,135.0,6.0,3.3,papa
papa_rellena_con_sarsa_criolla,Papa rellena con sarsa criolla,68.7,160.0,9.6,3.9,papa
papas_a_la_rioja,Papas a la rioja,51.7,60.0,1.7,2.5,papas
papas_fritas,Papas fritas,49.6,359.0,33.4,1.4,papas
parihuela,Parihuela,50.2,67.33,3.23,4.83,parihuela
pasta_al_pesto,Pasta al pesto,36.4,115.0,1.8,5.8,pasta
pasta_otros,Pasta otros,41.6,119.0,3.0,8.6,pasta
pastel_de_papa,Pastel de papa,70.4,138.0,6.1,6.2,pastel
patasca,Patasca,14.63,74.25,2.6,3.8,patasca
patita_con_mani_y_arroz,Patita con maní y arroz,38.3,134.0,1.7,4.1,patita
pechuga_a_la_parrilla_+_1_chor,"Pechuga a la parrilla + 1 chorizo + 1 anticucho de corazón de pollo
+ papas fritas",65.2,198.0,12.8,9.2,pechuga
pechuga_a_la_plancha_con_ensal,Pechuga a la plancha con ensalada y arroz,56.2,132.0,3.7,6.7,pechuga
pejerrey_arrebosado,Pejerrey arrebosado,66.5,172.0,9.3,6.9,pejerrey
pescado_a_la_chorrillana_con_a,Pescado a la chorrillana con arroz,35.1,224.0,12.3,5.4,pescado
pescado_a_lo_macho_con_arroz,Pescado a lo macho con arroz,34.5,167.0,5.7,7.35,pescado
pescado_con_arroz,Pescado con arroz,40.5,147.5,3.63,6.73,pescado
pescado_con_ensalada_y_arroz,Pescado con ensalada y arroz,35.5,155.0,2.6,7.6,pescado
pescado_con_menestra_y_arroz,Pescado con menestra y arroz,20.75,176.25,5.15,7.68,pescado
pescado_en_salsa_de_champinone,Pescado en salsa de champiñones con arroz,47.0,183.0,9.0,6.7,pescado
pescado_en_salsa_de_langostino,Pescado en salsa de langostinos con arroz,33.1,178.0,5.0,6.1,pescado
picante_de_cuy_con_arroz,Picante de cuy con arroz,56.65,194.5,9.05,4.35,picante
picante_de_pollo_con_arroz,Picante de pollo con arroz,45.6,375.0,32.1,13.1,picante
picante_de_res_con_arroz,Picante de res con arroz,35.8,118.0,1.6,4.9,picante
pizza_americana_personal,Pizza americana personal,53.1,203.0,7.3,7.7,pizza
pollo_a_la_brasa_+_1_palito_de,Pollo a la brasa + 1 palito de anticucho con papas fritas,69.9,146.0,7.9,9.7,pollo
pollo_a_la_brasa_con_papas_fri,Pollo a la brasa con papas fritas,60.36,176.6,9.7,8.06,pollo
pollo_a_la_chiclayana_con_arro,Pollo a la chiclayana con arroz,46.1,137.0,1.5,8.7,pollo
pollo_a_la_chiclayana_con_mene,Pollo a la chiclayana con menestra y arroz,49.5,121.0,1.0,7.5,pollo
pollo_a_la_huachana_con_menest,Pollo a la huachana con menestra y arroz,33.0,134.0,3.2,7.4,pollo
pollo_a_la_lena,Pollo a la leña,66.4,163.0,9.8,3.3,pollo
pollo_a_la_naranja_con_arroz,Pollo a la naranja con arroz,59.5,128.0,2.7,10.1,pollo
pollo_a_la_nortena_con_arroz,Pollo a la norteña con arroz,42.57,137.33,1.93,8.8,pollo
pollo_a_la_nortena_con_menestr,Pollo a la norteña con menestra y arroz,28.07,117.0,2.0,8.4,pollo
pollo_a_la_olla_con_arroz,Pollo a la olla con arroz,42.0,150.0,2.4,7.3,pollo
pollo_a_la_olla_con_ensalada_y,Pollo a la olla con ensalada y arroz,43.1,121.0,1.8,6.05,pollo
pollo_a_la_olla_con_menestra_y,Pollo a la olla con menestra y arroz,22.63,159.33,1.97,8.27,pollo
pollo_a_la_olla_con_pure_y_arr,Pollo a la olla con puré y arroz,31.85,120.5,1.75,4.9,pollo
pollo_a_la_parrilla_con_arroz_,Pollo a la parrilla con arroz y papas fritas,43.4,273.0,20.7,7.4,pollo
pollo_a_la_parrilla_con_ensala,Pollo a la parrilla con ensalada rusa y arroz,48.6,128.5,5.6,6.6,pollo
pollo_a_la_parrilla_con_ensala,Pollo a la parrilla con ensalada y arroz,37.2,149.5,3.3,6.35,pollo
pollo_a_la_parrilla_con_pure_y,Pollo a la parrilla con puré y arroz,48.9,133.0,3.8,5.6,pollo
pollo_a_la_plancha_con_arroz,Pollo a la plancha con arroz,65.6,81.0,0.9,4.8,pollo
pollo_a_la_plancha_con_ensalad,Pollo a la plancha con ensalada y arroz,34.6,140.5,0.75,5.85,pollo
pollo_a_la_plancha_con_menestr,Pollo a la plancha con menestra y arroz,21.8,172.5,1.45,10.1,pollo
pollo_a_la_plancha_con_papas_d,Pollo a la plancha con papas doradas y arroz,33.1,158.0,4.0,3.1,pollo
pollo_a_la_plancha_con_papas_f,Pollo a la plancha con papas fritas y arroz,47.0,136.5,2.4,5.45,pollo
pollo_a_la_plancha_con_papas_f,"Pollo a la plancha con papas fritas, ensalada y arroz",49.7,165.0,7.1,7.3,pollo
pollo_a_la_plancha_con_pure_y_,Pollo a la plancha con puré y arroz,41.8,133.0,3.6,9.0,pollo
pollo_al_aji_con_menestra_y_ar,Pollo al ají con menestra y arroz,18.5,137.0,0.9,5.2,pollo
pollo_al_horno_con_arroz,Pollo al horno con arroz,35.24,150.0,2.36,7.52,pollo
pollo_al_horno_con_ensalada_ru,Pollo al horno con ensalada rusa y arroz,48.22,146.0,3.34,7.62,pollo
pollo_al_horno_con_ensalada_y_,Pollo al horno con ensalada y arroz,40.0,144.5,3.13,6.83,pollo
pollo_al_horno_con_menestra_y_,Pollo al horno con menestra y arroz,24.68,148.75,2.58,8.38,pollo
pollo_al_horno_con_menestra_en,"Pollo al horno con menestra, ensalada y arroz",29.9,116.0,2.15,6.05,pollo
pollo_al_horno_con_pure_y_arro,Pollo al horno con pure y arroz,38.0,144.5,3.15,7.18,pollo
pollo_al_horno_con_pure_ensala,"Pollo al horno con puré, ensalada y arroz",49.35,132.0,2.8,8.0,pollo
pollo_al_huacatay_con_arroz,Pollo al huacatay con arroz,27.5,145.0,1.3,10.4,pollo
pollo_al_jugo_con_menestra_y_a,Pollo al jugo con menestra y arroz,26.4,123.0,1.9,7.7,pollo
pollo_al_mani_con_arroz,Pollo al maní con arroz,45.8,142.0,1.7,6.4,pollo
pollo_al_mani_con_ensalada_y_a,Pollo al maní con ensalada y arroz,42.9,164.0,7.7,3.2,pollo
pollo_al_mani_con_menestra_y_a,Pollo al maní con menestra y arroz,29.5,140.0,2.0,9.0,pollo
pollo_al_sillao_con_arroz,Pollo al sillao con arroz,45.68,142.0,3.1,6.83,pollo
pollo_al_sillao_con_ensalada_y,Pollo al sillao con ensalada y arroz,36.3,120.0,1.4,5.3,pollo
pollo_al_vino_con_arroz,Pollo al vino con arroz,34.9,137.0,1.1,3.0,pollo
pollo_al_vino_con_ensalada_y_a,Pollo al vino con ensalada y arroz,37.1,131.0,1.1,6.2,pollo
pollo_al_vino_con_menestra_y_a,Pollo al vino con menestra y arroz,28.9,144.0,2.7,9.3,pollo
pollo_broaster,Pollo broaster,40.9,192.0,10.2,5.4,pollo
pollo_broaster_con_ensalada_ru,Pollo broaster con ensalada rusa y arroz,42.05,183.5,8.35,7.05,pollo
pollo_broaster_con_papas_frita,Pollo broaster con papas fritas y arroz,53.0,143.0,4.0,7.9,pollo
pollo_broaster_con_papas_frita,"Pollo broaster con papas fritas, ensalada y arroz",43.75,169.0,6.95,5.9,pollo
pollo_con_arroz,Pollo con arroz,35.1,146.5,3.65,6.8,pollo
pollo_con_mani_y_arroz,Pollo con maní y arroz,36.9,136.0,3.7,6.6,pollo
pollo_con_verduras_y_arroz,Pollo con verduras y arroz,33.3,174.0,6.9,7.7,pollo
pollo_con_verduras_y_arroz_cha,Pollo con verduras y arroz chaufa,31.7,144.0,0.7,4.6,pollo
pollo_dorado_con_papas_fritas_,Pollo dorado con papas fritas y arroz,41.1,180.0,5.5,7.9,pollo
pollo_enrollado_con_arroz,Pollo enrollado con arroz,40.9,156.0,3.6,6.8,pollo
pollo_frito_con_arroz,Pollo frito con arroz,35.25,162.0,4.2,6.4,pollo
pollo_frito_con_ensalada_rusa_,Pollo frito con ensalada rusa y arroz,27.7,183.0,5.5,5.7,pollo
pollo_frito_con_ensalada_y_arr,Pollo frito con ensalada y arroz,42.6,155.25,5.73,6.45,pollo
pollo_frito_con_menestra_y_arr,Pollo frito con menestra y arroz,17.8,168.0,4.6,5.45,pollo
pollo_frito_con_papas_fritas_y,Pollo frito con papas fritas y arroz,41.37,189.0,8.57,4.37,pollo
pollo_frito_con_papas_fritas_e,"Pollo frito con papas fritas, ensalada y arroz",47.2,165.0,6.6,5.5,pollo
pollo_frito_con_pure_y_arroz,Pollo frito con puré y arroz,43.3,171.0,5.4,7.8,pollo
pollo_saltado_con_arroz,Pollo saltado con arroz,47.5,183.0,9.6,5.5,pollo
pure_con_asado_y_arroz,Puré con asado y arroz,46.58,129.75,3.15,5.78,pure
pure_con_asado_y_arroz_integra,Puré con asado y arroz integral,48.1,156.0,3.3,4.9,pure
pure_con_bisteck_y_arroz,Puré con bisteck y arroz,31.9,127.0,2.3,4.8,pure
pure_con_churrasco_y_arroz,Puré con churrasco y arroz,22.1,167.0,6.9,5.7,pure
pure_con_pavita_y_arroz,Pure con pavita y arroz,48.1,133.0,3.7,4.8,pure
pure_con_pollo_al_sillao_y_arr,Puré con pollo al sillao y arroz,31.5,147.0,1.9,5.4,pure
pure_con_pollo_y_arroz,Puré con pollo y arroz,37.9,159.67,4.8,6.63,pure
pure_con_pollo_ensalada_y_arro,"Puré con pollo, ensalada y arroz",43.3,134.0,2.6,8.1,pure
quinua_guisada_con_pollo_y_arr,Quinua guisada con pollo y arroz,24.6,134.0,2.4,7.0,quinua
ravioles_con_carne,Ravioles con carne,60.6,191.0,9.4,9.8,ravioles
rocoto_relleno,Rocoto relleno,73.2,136.0,7.5,6.6,rocoto
rocoto_relleno_con_arroz,Rocoto relleno con arroz,27.9,148.0,2.9,5.2,rocoto
salpicon_de_atun,Salpicón de atún,43.3,253.0,11.0,7.9,salpicon
salpicon_de_pollo,Salpicón de pollo,75.5,93.0,3.48,4.78,salpicon
salpicon_de_verduras,Salpicón de verduras,67.4,169.0,10.9,3.3,salpicon
saltado_de_brocoli_con_arroz,Saltado de brócoli con arroz,49.6,156.0,6.8,4.1,saltado
saltado_de_pollo_con_arroz,Saltado de pollo con arroz,46.6,135.0,2.8,5.6,saltado
saltado_de_pollo_con_papas_fri,Saltado de pollo con papas fritas y arroz,28.5,215.0,10.3,3.7,saltado
sancochado_con_pollo,Sancochado con pollo,29.45,52.0,0.7,3.35,sancochado
sancochado_con_res,Sancochado con res,22.1,35.6,0.24,1.7,sancochado
seco_a_la_huachana_con_menestr,Seco a la huachana con menestra y arroz,17.8,152.5,1.75,7.2,seco
seco_a_la_nortena_con_arroz,Seco a la norteña con arroz,45.78,140.25,1.25,6.58,seco
seco_a_la_nortena_con_menestra,Seco a la norteña con menestra y arroz,22.38,124.75,1.25,6.6,seco
seco_a_la_nortena_con_menestra,"Seco a la norteña con menestra, ensalada y arroz",15.2,104.0,1.1,4.3,seco
seco_a_la_nortena_con_menestra,"Seco a la norteña con menestra, sarsa criolla y arroz",21.95,136.5,1.6,5.65,seco
seco_a_la_nortena_con_sarsa_cr,Seco a la norteña con sarsa criolla y arroz,34.5,122.5,1.7,4.45,seco
seco_a_la_nortena_de_pollo_con,Seco a la norteña de pollo con menestra y arroz,30.9,112.75,1.9,7.13,seco
seco_a_la_nortena_de_res_con_m,Seco a la norteña de res con menestra y arroz,20.13,130.33,1.4,6.9,seco
seco_a_la_nortena_de_res_con_m,"Seco a la norteña de res con menestra, sarsa criolla y arroz",30.2,126.67,1.93,6.03,seco
seco_con_menestra_y_arroz,Seco con menestra y arroz,16.7,133.0,0.7,6.2,seco
seco_de_cabrito_a_la_nortena_c,Seco de cabrito a la norteña con menestra y arroz,29.4,151.0,1.8,8.7,seco
seco_de_cabrito_con_arroz,Seco de cabrito con arroz,33.6,124.0,1.7,6.4,seco
seco_de_cabrito_con_menestra_y,Seco de cabrito con menestra y arroz,25.3,128.67,1.83,7.5,seco
seco_de_cabrito_con_menestra_s,"Seco de cabrito con menestra, sarsa criolla y arroz",27.15,122.0,1.45,6.4,seco
seco_de_cordero_con_arroz,Seco de cordero con arroz,17.2,172.0,5.4,7.2,seco
seco_de_cordero_con_menestra_y,Seco de cordero con menestra y arroz,16.8,145.33,3.77,6.53,seco
seco_de_cordero_con_menestra_s,"Seco de cordero con menestra, sarsa criolla y arroz",22.95,161.0,3.4,7.25,seco
seco_de_costillar_con_menestra,Seco de costillar con menestra y arroz,33.2,126.0,1.4,7.5,seco
seco_de_pato_con_arroz,Seco de pato con arroz,40.0,203.0,11.1,7.95,seco
seco_de_pollo_con_arroz,Seco de pollo con arroz,41.43,125.25,1.85,7.18,seco
seco_de_pollo_con_menestra_y_a,Seco de pollo con menestra y arroz,27.08,136.4,1.88,7.66,seco
seco_de_pollo_con_sarsa_crioll,Seco de pollo con sarsa criolla y arroz,46.3,132.0,1.6,7.6,seco
seco_de_res_a_la_huachana_mene,"Seco de res a la huachana, menestra y arroz",23.4,124.0,2.0,7.3,seco
seco_de_res_a_la_nortena_menes,"Seco de res a la norteña, menestra y arroz",23.55,129.75,1.58,6.68,seco
seco_de_res_con_arroz,Seco de res con arroz,40.77,127.67,1.63,6.93,seco
seco_de_res_con_menestra_y_arr,Seco de res con menestra y arroz,22.5,143.4,1.72,7.24,seco
seco_de_res_con_menestra_ensal,"Seco de res con menestra, ensalada y arroz",28.03,126.0,2.63,5.63,seco
seco_de_res_con_menestra_sarsa,"Seco de res con menestra, sarsa criolla y arroz",29.75,122.0,1.3,6.38,seco
seco_de_ternera_con_menestra_y,Seco de ternera con menestra y arroz,25.5,125.0,1.7,7.7,seco
seco_huachano_con_menestra_y_a,Seco huachano con menestra y arroz,22.3,113.0,1.2,5.7,seco
shambar,Shambar,18.9,55.67,1.4,4.2,shambar
solterito,Solterito,77.7,85.0,2.6,5.0,solterito
sopa_a_la_minuta,Sopa a la minuta,21.2,49.4,0.64,3.2,sopa
sopa_a_la_minuta_de_pollo,Sopa a la minuta de pollo,19.9,60.0,1.3,2.9,sopa
sopa_campesina,Sopa campesina,10.1,45.0,0.4,2.2,sopa
sopa_chilena,Sopa chilena,9.0,21.0,0.3,2.1,sopa
sopa_criolla_con_pollo,Sopa criolla con pollo,9.2,19.0,0.5,1.0,sopa
sopa_criolla_con_res,Sopa criolla con res,19.9,41.0,0.6,3.1,sopa
sopa_de_arroz,Sopa de arroz,11.4,26.0,0.5,1.4,sopa
sopa_de_arroz_con_res,Sopa de arroz con res,16.23,30.33,0.13,1.3,sopa
sopa_de_arverja,Sopa de arverja,8.9,94.0,0.4,2.9,sopa
sopa_de_cangrejo,Sopa de cangrejo,16.6,35.0,0.1,1.4,sopa
sopa_de_casa,Sopa de casa,18.62,44.2,0.42,1.98,sopa
sopa_de_casa_con_res,Sopa de casa con res,21.05,39.0,0.15,1.95,sopa
sopa_de_choro,Sopa de choro,20.18,38.0,0.25,1.65,sopa
sopa_de_fideos,Sopa de fideos,15.8,34.5,0.65,1.9,sopa
sopa_de_fideos_con_res,Sopa de fideos con res,23.27,45.67,0.23,2.27,sopa
sopa_de_frejoles,Sopa de frejoles,18.2,58.0,0.5,3.4,sopa
sopa_de_gallina,Sopa de gallina,18.7,33.0,0.25,2.15,sopa
sopa_de_habas,Sopa de habas,24.4,54.0,0.7,2.2,sopa
sopa_de_hueso_de_res,Sopa de hueso de res,9.7,20.0,0.2,0.4,sopa
sopa_de_leche,Sopa de leche,19.3,41.0,0.8,1.5,sopa
sopa_de_menudencia,Sopa de menudencia,20.23,45.0,0.7,2.48,sopa
sopa_de_moron_con_pollo,Sopa de morón con pollo,30.18,48.5,0.93,2.33,sopa
sopa_de_moron_con_res,Sopa de morón con res,17.3,25.2,0.26,1.3,sopa
sopa_de_mote,Sopa de mote,10.03,56.33,0.57,2.17,sopa
sopa_de_mote_con_res,Sopa de mote con res,6.9,38.0,0.4,1.5,sopa
sopa_de_papa,Sopa de papa,54.5,77.0,3.2,3.15,sopa
sopa_de_pescado,Sopa de pescado,14.35,43.5,0.3,1.6,sopa
sopa_de_pollo,Sopa de pollo,20.14,42.0,0.72,2.32,sopa
sopa_de_res,Sopa de res,20.44,42.2,0.2,2.08,sopa
sopa_de_semola,Sopa de sémola,20.68,38.75,0.75,2.23,sopa
sopa_de_semola_con_pollo,Sopa de sémola con pollo,18.47,36.67,0.73,2.13,sopa
sopa_de_semola_con_res,Sopa de sémola con res,22.15,36.5,0.2,1.65,sopa
sopa_de_trigo,Sopa de trigo,24.58,22.75,0.25,1.23,sopa
sopa_de_trigo_con_pollo,Sopa de trigo con pollo,16.9,32.5,0.6,1.85,sopa
sopa_de_trigo_con_res,Sopa de trigo con res,30.63,32.33,0.23,1.63,sopa
sopa_de_verduras,Sopa de verduras,25.5,34.0,0.2,2.5,sopa
sopa_de_verduras_con_pollo,Sopa de verduras con pollo,23.35,41.25,0.5,2.4,sopa
sopa_de_verduras_con_res,Sopa de verduras con res,18.43,38.67,0.13,1.53,sopa
sopa_seca_con_carapulcra_y_arr,Sopa seca con carapulcra y arroz,47.5,222.0,11.1,12.7,sopa
sopa_wantan,Sopa wantán,12.88,92.4,3.24,4.58,sopa
spaguetti_con_crema,Spaguetti con crema,57.5,176.0,4.3,13.9,spaguetti
steak_al_tequila,Steak al tequila,18.4,108.0,0.5,5.6,steak
sudado_de_pescado_con_arroz,Sudado de pescado con arroz,40.58,126.5,1.35,5.28,sudado
suprema_de_pescado_con_arroz_y,Suprema de pescado con arroz y ensalada,17.6,161.0,1.7,8.0,suprema
suprema_de_pollo_con_arroz,Suprema de pollo con arroz,24.6,177.0,2.6,8.1,suprema
sustancia,Sustancia,25.3,60.0,1.1,3.3,sustancia
sustancia_de_pollo,Sustancia de pollo,17.45,47.0,0.55,2.9,sustancia
sustancia_de_res,Sustancia de res,15.58,45.0,0.55,1.93,sustancia
tacacho_con_cecina,Tacacho con cecina,54.7,213.0,10.2,5.4,tacacho
tacu_tacu_con_churrasco,Tacu tacu con churrasco,32.4,160.0,3.8,7.1,tacu
tacu_tacu_con_filete_de_pollo,Tacu tacu con filete de pollo,23.55,129.0,1.9,7.15,tacu
tacu_tacu_con_lomito,Tacu tacu con lomito,29.13,150.0,3.57,7.73,tacu
tacu_tacu_con_lomo_y_arroz,Tacu tacu con lomo y arroz,21.4,152.0,2.5,6.1,tacu
tacu_tacu_con_pescado,Tacu tacu con pescado,35.95,160.0,4.3,9.5,tacu
tallarines_al_pesto_con_bistec,Tallarines al pesto con bisteck,31.9,140.0,4.8,6.1,tallarines
tallarines_al_pesto_con_res,Tallarines al pesto con res,50.9,226.0,8.3,16.3,tallarines
tallarines_chifa,Tallarines chifa,19.2,189.0,1.0,7.5,tallarines
tallarines_con_pollo,Tallarines con pollo,59.9,159.0,1.9,10.5,tallarines
tallarines_con_pollo_y_crema_a,Tallarines con pollo y crema a la huancaína,52.6,152.0,3.2,10.8,tallarines
tallarines_rojos_con_pollo,Tallarines rojos con pollo,50.73,133.25,2.2,8.4,tallarines
tallarines_saltado,Tallarines saltado,48.8,190.0,1.6,8.5,tallarines
tallarines_saltados_con_pollo,Tallarines saltados con pollo,54.8,173.5,4.15,8.15,tallarines
tallarines_verdes_con_chuleta,Tallarines verdes con chuleta,49.0,245.0,11.2,8.6,tallarines
tallarines_verdes_con_churrasc,Tallarines verdes con churrasco,50.75,218.5,7.75,8.8,tallarines
tallarines_verdes_con_churrasc,Tallarines verdes con churrasco y crema a la huancaína,56.1,185.0,4.0,7.4,tallarines
tallarines_verdes_con_higado,Tallarines verdes con hígado,37.1,165.0,6.13,6.97,tallarines
tallarines_verdes_con_milanesa,Tallarines verdes con milanesa,38.6,111.0,4.2,6.6,tallarines
tallarines_verdes_con_pollo,Tallarines verdes con pollo,46.04,194.0,6.12,9.68,tallarines
tallarines_verdes_con_pollo_y_,Tallarines verdes con pollo y crema a la huancaína,51.2,179.0,2.3,9.15,tallarines
tallarines_verdes_con_res,Tallarines verdes con res,42.42,177.4,4.7,8.72,tallarines
tamal_de_pollo,Tamal de pollo,43.5,201.33,11.53,5.0,tamal
tamal_verde,Tamal verde,61.4,156.0,6.9,3.7,tamal
tequenos,Tequeños,15.95,534.0,42.7,7.75,tequenos
tequenos_con_crema_a_la_huanca,Tequeños con crema a la huancaína,43.6,277.0,14.4,8.35,tequenos
tequenos_con_guacamole,Tequeños con guacamole,27.05,402.25,25.4,8.03,tequenos
tequenos_de_queso,Tequeños de queso,34.3,351.0,22.0,6.7,tequenos
ternera_a_la_chiclayana_con_ar,Ternera a la chiclayana con arroz,25.1,96.0,0.7,3.9,ternera
tiradito_de_pejerrey,Tiradito de pejerrey,75.47,93.67,1.07,6.7,tiradito
trigo_con_adobo_de_pollo_y_arr,Trigo con adobo de pollo y arroz,29.2,138.0,4.5,5.5,trigo
trigo_con_pollo_y_arroz,Trigo con pollo y arroz,36.5,129.0,2.1,8.1,trigo
trigo_guisado_con_pollo_y_arro,Trigo guisado con pollo y arroz,43.6,118.0,3.3,7.9,trigo
trucha_con_arroz,Trucha con arroz,26.8,299.0,18.8,4.2,trucha
trucha_con_menestra_y_arroz,Trucha con menestra y arroz,24.2,142.0,4.7,5.2,trucha
virado_paulista,Virado paulista,8.9,86.0,2.6,3.5,virado
wantan_frito,Wantán frito,15.2,360.0,22.1,8.65,wantan
yucas_rellenas,Yucas rellenas,69.6,147.0,8.2,4.0,yucas
